Title,Price,Date
Ikigai: The Japanese secret to a long and happy life,404.00,2022-04-14
Ikigai: The Japanese secret to a long and happy life,404.00,2022-04-14
Ikigai: The Japanese secret to a long and happy life,404.00,2022-04-14
Ikigai: The Japanese secret to a long and happy life,404.00,2022-04-14
Ikigai: The Japanese secret to a long and happy life,404.00,2022-04-14
Ikigai: The Japanese secret to a long and happy life,404.00,2022-04-14
Ikigai: The Japanese secret to a long and happy life,404.00,2022-04-14
Ikigai: The Japanese secret to a long and happy life,404.00,2022-04-14
Ikigai: The Japanese secret to a long and happy life,404.00,2022-04-14
Ikigai: The Japanese secret to a long and happy life,404.0,2022-04-14
Ikigai: The Japanese secret to a long and happy life,404.0,2022-04-14
Ikigai: The Japanese secret to a long and happy life,404.0,2022-04-14
Ikigai: The Japanese secret to a long and happy life,404.0,2022-04-14
Ikigai: The Japanese secret to a long and happy life,404.0,2022-04-14
Ikigai: The Japanese secret to a long and happy life,404.0,2022-04-14
